id,observed_on,user_id,user_login,quality_grade,description,place_guess,latitude,longitude,positional_accuracy,scientific_name,common_name,taxon_id,taxon_order_name,taxon_family_name
1894813,2015-08-25,7547,aubreymoore,needs_id,Grasshopper feeding on Heretria in GPEPP shadehouse,"UOG Campus, Mangilao, Guam",13.430932,144.799374,32,Oxya japonica,,363699,Orthoptera,Acrididae
1894896,2014-11-19,127220,kaleblg,needs_id,Wasp Found On Guam (Hymenoptera) ,Quichocho St.,13.436937,144.797562,32,Ichneumonidae,Ichneumon Wasps,47199,Hymenoptera,Ichneumonidae
1894916,2014-11-25,127220,kaleblg,research,Butterflies Mating On Mulberry Trees,Quichocho St.,13.430441,144.799915,8,Papilio polytes,Common Mormon,51588,Lepidoptera,Papilionidae
1895614,2015-08-27,127223,kphillips15,needs_id,"This little winged insect landed on the table next to me.

When I tried to poke it, it jumped and flew away. (The wings flapping made a very audible sound.) 

Pictures are a tad blurry, but the insect was very small. It was about the size of the top of my pinky fingers.",University of Guam,13.434254,144.806397,,,,,,
1897753,2015-08-28,30769,leeroysablan,needs_id,Little leafhopper caught while using a sweep net on a grassy area.,"Guam, UOG Mangilao ",13.43116,144.799719,,Cicadellidae,Leafhoppers,53237,Hemiptera,Cicadellidae
1898017,2015-08-28,126404,juliaschwierking,research,"Monarch caterpillar found on Caltropis gigantea.
3 collected and reared to adults.
","Naval Station Apra, Santa Rita, GU, US",13.435992,144.650943,5,Danaus plexippus,Monarch,48662,Lepidoptera,Nymphalidae
1906648,2014-09-18,127220,kaleblg,research,Beautiful Hawk-Moth with Camo Wings,"",13.47568,144.755366,13,Daphnis nerii,Oleander Hawk-moth,51996,Lepidoptera,Sphingidae
1906653,2014-09-18,127220,kaleblg,casual,Beautiful Hawk-Moth with Camo Wings,"",13.47568,144.755366,13,Daphnis nerii,Oleander Hawk-moth,51996,Lepidoptera,Sphingidae
1908624,2015-09-01,126404,juliaschwierking,needs_id,Earwig crawling across my dining room floor ,"Naval Station Apra, Santa Rita, GU, US",13.435109,144.647968,165,Dermaptera,Earwigs,47793,Dermaptera,
1919298,2015-09-04,127223,kphillips15,needs_id,"Walking on the wall of Guma'ta Hall. 

A little over 6.5 cm in length. Antennae are the about the same size. 

Pictures are after over night freezing. ",University of Guam ,13.434334,144.806728,,Conocephalinae,Coneheads and Meadow Katydids,203979,Orthoptera,Tettigoniidae
1929670,2015-09-06,30769,leeroysablan,needs_id,Small beetle found during an insect sweep at Obyan. Caught over grassy area on the side of the dirt road.,"Obyan Saipan, CNMI",15.110161,145.725102,154,Chrysomelidae,Leaf Beetles,51146,Coleoptera,Chrysomelidae
1952944,2015-09-06,126404,juliaschwierking,needs_id,"","Naval Station Apra, Santa Rita, GU, US",13.4351,144.647932,165,Calliphoridae,Blowflies,61860,Diptera,Calliphoridae
1952945,2015-09-14,126404,juliaschwierking,needs_id,"","University of Guam, Mangilao, GU, US",13.43053,144.800676,65,Euploea eunice,Blue-banded King Crow,358893,Lepidoptera,Nymphalidae
1952946,2015-09-14,126404,juliaschwierking,research,Hymenoptera caught with sweep net,"University of Guam, Mangilao, GU, US",13.430567,144.800703,65,Apis mellifera,Honey Bee,47219,Hymenoptera,Apidae
1967712,2015-09-21,126404,juliaschwierking,needs_id,"","University of Guam, Mangilao, GU, US",13.430555,144.800778,65,Oxya japonica,,363699,Orthoptera,Acrididae
1967716,2015-09-21,126404,juliaschwierking,needs_id,"Caught by sweep netting while nectaring
","University of Guam, Mangilao, GU, US",13.430559,144.800802,65,Papilio polytes,Common Mormon,51588,Lepidoptera,Papilionidae
2007525,2015-09-28,126404,juliaschwierking,needs_id,,"University of Guam, Mangilao, GU, US",13.430154,144.800046,5,Coleoptera,Beetles,47208,Coleoptera,
2007527,2015-09-28,126404,juliaschwierking,needs_id,"","University of Guam, Mangilao, GU, US",13.4301883333,144.80005,,Coccinellidae,Ladybird Beetles,48486,Coleoptera,Coccinellidae
2066692,2015-08-26,30769,leeroysablan,needs_id,Pygmy grasshopper found on the top of my car early in the morning.,"191 East Rojas Lane College Park, Mangilao Guam",13.4436,144.807799,,Paratettix,,120949,Orthoptera,Tetrigidae
2066698,2015-04-11,30769,leeroysablan,needs_id,Planthopper found on some grass during a honey bee survey. Found close to a spring with a lot of vegetation.,"Southern Comfort Ranch, Merizo Guam",13.251499,144.696544,8,Dictyopharidae,Dictyopharid Planthoppers,53509,Hemiptera,Dictyopharidae
2066771,2015-07-25,30769,leeroysablan,needs_id,"Found on Ipomoea plant at at Greenscape Nursery
 ",Dededo Guam,13.558163,144.855621,32,Physomerus grossipes,,347933,Hemiptera,Coreidae
2066823,2015-09-28,30769,leeroysablan,needs_id,Found on grass,UOG Mangilao Guam,13.430209,144.800731,8,Miridae,Plant Bugs,53505,Hemiptera,Miridae
2066909,2015-07-25,30769,leeroysablan,needs_id,Hoplocerambyx sp. found on apartment screen door,Mangilao Guam,13.443626,144.807731,16,Cerambycidae,Longhorn Beetles,47961,Coleoptera,Cerambycidae
2066946,2015-09-24,30769,leeroysablan,research,Flew onto my shirt. ,Mangilao Guam,13.447289,144.80229,8,Erionota thrax,Banana Skipper,196542,Lepidoptera,Hesperiidae
2066959,2015-08-29,30769,leeroysablan,research,Found on screen door,Mangilao Guam,13.443407,144.807083,8,Agrius convolvuli,Convolvulus Hawkmoth,124031,Lepidoptera,Sphingidae
2067003,2015-06-07,30769,leeroysablan,needs_id,Found on Mulberry Bush,UOG Mangilao Guam,13.430446,144.80025,22,Protaetia pryeri,,338693,Coleoptera,Scarabaeidae
2067017,2015-08-24,30769,leeroysablan,research,Found on curry tree,Mangilao Guam,13.430598,144.800238,,Euploea eunice,Blue-banded King Crow,358893,Lepidoptera,Nymphalidae
2067136,2015-09-05,30769,leeroysablan,research,"Found on Calotropis gigantea. Photo 1: Male
Photo 2: Female",San Antonio Saipan,15.132893,145.694545,8,Danaus plexippus,Monarch,48662,Lepidoptera,Nymphalidae
2072853,2015-09-05,30769,leeroysablan,needs_id,Found on ornamental cycad out by the seaport,Saipan Seaport,15.224471,145.736919,8,Chilades pandava,Plains Cupid,130775,Lepidoptera,Lycaenidae
2072883,2015-08-08,30769,leeroysablan,needs_id,Found in parking lot,Mangilao Guam,13.443592,144.807731,16,Oryctes rhinoceros,Asiatic rhinoceros beetle,320058,Coleoptera,Scarabaeidae
2072948,2015-07-24,30769,leeroysablan,needs_id,Found crawling in my room. Stung me and left a burning sensation on the bite area.,Mangilao Guam,13.443631,144.807705,8,Chelisochidae,,208121,Dermaptera,Chelisochidae
2073486,2015-09-28,30769,leeroysablan,needs_id,Found near pea-like flowers,UOG Mangilao Guam,13.430019,144.800871,8,Lampides boeticus,Long-tailed blue,121993,Lepidoptera,Lycaenidae
2073639,2015-08-24,30769,leeroysablan,needs_id,Found in open fields near the College of Natural and Applied Sciences Building.,UOG Mangilao Guam,13.430287,144.800372,8,Zizina otis,Lesser Grass Blue,125537,Lepidoptera,Lycaenidae
2073741,2015-08-17,30769,leeroysablan,needs_id,Found on screen door,Mangilao Guam,13.443595,144.807737,8,Cephonodes,,121834,Lepidoptera,Sphingidae
2073788,2015-09-28,30769,leeroysablan,needs_id,Found feeding on Bidens flower.,UOG Mangilao Guam,13.430026,144.800841,8,Syrphidae,Hover Flies,49995,Diptera,Syrphidae
2073931,2015-08-24,30769,leeroysablan,needs_id,Found on business building. ,UOG Mangilao Guam,13.431678,144.804112,32,Tettigonioidea,Katydids and Allies,48125,Orthoptera,
2075581,2015-08-21,30769,leeroysablan,casual,Raised from a caterpillar. Found on golden shower tree in Dean Circle.,UOG Mangilao Guam,13.430783,144.800104,,Catopsilia pomona,Lemon Migrant,133443,Lepidoptera,Pieridae
2078817,2015-10-05,127230,hertgabr,needs_id,I found it near house 1 outside the fence,,13.434647,144.799928,500,Diptera,Flies,47822,Diptera,
2078825,2015-10-05,127230,hertgabr,needs_id,I also found this fly near house 1 ,"",13.43023,144.7999583333,,Diptera,Flies,47822,Diptera,
2095559,2015-10-11,126404,juliaschwierking,needs_id,Caught with sweep net,"Naval Station Apra, Santa Rita, GU, US",13.435294,144.64801,65,Protaetia orientalis,Oriental Flower Beetle,123519,Coleoptera,Scarabaeidae
2096487,2015-10-11,126404,juliaschwierking,needs_id,Found on tall grass.  Kept for 8 days and after the 4th day she laid an ootheca.,"Naval Station Apra, Santa Rita, GU, US",13.436948,144.65154,10,Orthodera burmeisteri,,480353,Mantodea,Mantidae
2197404,2015-10-19,127291,asangoel,needs_id,"","UOG Campus, Mangilao, Guam",13.433451,144.801135,28,Zizina,,125541,Lepidoptera,Lycaenidae
2205781,2015-10-19,127228,gchlupsa,needs_id,"Order: Diptera
Family: Calliphoridae

Location: Macheche, Dededo, Guam","",13.54473,144.855275,,Calliphoridae,Blowflies,61860,Diptera,Calliphoridae
2205789,2015-10-19,127228,gchlupsa,research,"Yam Hawk Moth
Order: Lepidoptera
Family: Sphingidae
Genus: Theretra 
Species: T. nessus","",13.5,144.8,11271095,Theretra nessus,Yam Hawk Moth,52004,Lepidoptera,Sphingidae
2313498,2015-10-18,126404,juliaschwierking,needs_id,"","Naval Station Apra, Santa Rita, GU, US",13.442503782,144.6488174425,10,Formicidae,Ants,47336,Hymenoptera,Formicidae
2313500,2015-10-18,126404,juliaschwierking,needs_id,"Odonata
      Anisoptera
            Libellulidae
Caught with sweep net perched on branch next to creek","Naval Station Apra, Santa Rita, GU, US",13.421489,144.656843,64,Libellulidae,Skimmers,47819,Odonata,Libellulidae
2313545,2015-10-20,126404,juliaschwierking,needs_id,"","Naval Station Apra, Santa Rita, GU, US",13.435031,144.647907,5,Cerambycidae,Longhorn Beetles,47961,Coleoptera,Cerambycidae
2313550,2015-10-24,126404,juliaschwierking,needs_id,Chromolaena gall fly gall.  Took a few galls to rear out the adults.,"Andersen Air Force Base, Yigo, Guam",13.561749,144.914046,11220,Cecidochares connexa,,480351,Diptera,Tephritidae
2313555,2015-10-21,126404,juliaschwierking,needs_id,"","Biang St, Maite, GU, US",13.475537,144.768713,30,Sphingidae,Sphinx Moths,47213,Lepidoptera,Sphingidae
2313561,2015-10-24,126404,juliaschwierking,needs_id,Mantid found on Indian Mulberry (Morinda citrifolia),"",13.605049,144.905241,5,Mantidae,Mantids,48111,Mantodea,Mantidae
2313563,2015-10-24,126404,juliaschwierking,needs_id,39,"Serena Beach, Andersen Air Force Base, Yigo, Guam",13.60492,144.905312,8,Acrididae,Short-horned Grasshoppers,47649,Orthoptera,Acrididae
2313568,2015-10-24,126404,juliaschwierking,needs_id,Katydid on block wall ,"Andersen Air Force Base, Yigo, GU",13.624564,144.894892,10,Tettigoniidae,Katydids,48124,Orthoptera,Tettigoniidae
2313577,2015-10-26,126404,juliaschwierking,needs_id,"Found mating on grass
49, 50","233–299 Chalan Estudia, Dededo, GU, US",13.532289,144.872851,5,Sarcophagidae,Flesh Flies,52910,Diptera,Sarcophagidae
2313584,2015-10-26,126404,juliaschwierking,needs_id,Flying over aquaponics garden,"96929, Dededo, GU, US",13.532395,144.872893,5,Zygoptera,Damselflies,47928,Odonata,
2313588,2015-10-26,126404,juliaschwierking,needs_id,Spine Footed Bug,"96929, Dededo, GU, US",13.531587,144.8724,5,Hemiptera,"True Bugs, Cicadas, Hoppers, Aphids and Allies",47744,Hemiptera,
2313868,2015-10-26,127228,gchlupsa,needs_id,"Order: Mantodea 
Family: Mantidae
Genus: Hierodula
Species: H. membranacea

Founding eating a Melanitis leda.",Guam,13.537782,144.847289,29336,,,,,
2313897,2015-10-26,127228,gchlupsa,research,"Order: Lepidoptera 
Family: Nymphalidae
Genus:  Melanitis
Species: M. leda ",guam,13.547128,144.848663,,Melanitis leda,Common Evening Brown,51584,Lepidoptera,Nymphalidae
2314305,2015-10-14,127228,gchlupsa,needs_id,Order: Orthoptera,guam,13.461667,144.84111,,Caelifera,"Grasshoppers, Locusts and Allies",67688,Orthoptera,
2364127,2015-10-24,126404,juliaschwierking,needs_id,"","Andersen Air Force Base, Yigo, GU",13.6243833333,144.8949133333,,Coccinellidae,Ladybird Beetles,48486,Coleoptera,Coccinellidae
2364128,2015-11-06,126404,juliaschwierking,needs_id,Mating pair ,"Naval Station Apra, Santa Rita, GU, US",13.436778,144.640542,50,Orthoptera,"Grasshoppers, Crickets, and Katydids",47651,Orthoptera,
2364134,2015-11-06,126404,juliaschwierking,needs_id,30,"Naval Station Apra, Santa Rita, GU, US",13.436648,144.640217,5,Coreidae,Leaf-footed Bugs,51777,Hemiptera,Coreidae
2364137,2015-11-06,126404,juliaschwierking,needs_id,"Found on kitchen counter
60","Naval Station Apra, Santa Rita, GU, US",13.435461,144.647706,100,Tenebrionidae,Darkling Beetles,53816,Coleoptera,Tenebrionidae
2364141,2015-11-05,126404,juliaschwierking,needs_id,"","Naval Station Apra, Santa Rita, GU, US",13.434991,144.648097,10,Pentatomidae,Stink Bugs,47742,Hemiptera,Pentatomidae
2364155,2015-11-06,126404,juliaschwierking,needs_id,Unknown case bearing moth found under coconut debris.,"Naval Station Apra, Santa Rita, GU, US",13.435149,144.648008,8,Lepidoptera,Butterflies and Moths,47157,Lepidoptera,
2378499,2015-11-13,126404,juliaschwierking,needs_id,Hemipteran found with ants,"Naval Reg Med CTR Annex, Santa Rita, GU, US",13.472202,144.707227,51,Hemiptera,"True Bugs, Cicadas, Hoppers, Aphids and Allies",47744,Hemiptera,
2410163,2015-11-23,127220,kaleblg,needs_id,,,13.4327679,144.8033073,36,Coleoptera,Beetles,47208,Coleoptera,
2410164,2015-11-23,127220,kaleblg,needs_id,,,13.4326946,144.8029924,246,Coleoptera,Beetles,47208,Coleoptera,
2410165,2015-11-23,127220,kaleblg,needs_id,"",guam,13.4235776,144.7887982,2792,Coleoptera,Beetles,47208,Coleoptera,
2410166,2015-11-23,127220,kaleblg,needs_id,"",guam,13.528519,144.870014,1577,Buprestidae,Metallic Wood-boring Beetles,54964,Coleoptera,Buprestidae
2410167,2015-11-23,127220,kaleblg,needs_id,,,13.4327731,144.8033173,49,Hymenoptera,"Ants, Bees, Wasps and Sawflies",47201,Hymenoptera,
2410168,2015-11-23,127220,kaleblg,needs_id,"",guam,13.430039,144.800604,32,Hymenoptera,"Ants, Bees, Wasps and Sawflies",47201,Hymenoptera,
2410169,2015-11-23,127220,kaleblg,needs_id,"","",13.430201,144.80051,16,Hymenoptera,"Ants, Bees, Wasps and Sawflies",47201,Hymenoptera,
2410170,2015-11-23,127220,kaleblg,needs_id,"","",13.4327949,144.8033462,45,Hymenoptera,"Ants, Bees, Wasps and Sawflies",47201,Hymenoptera,
2410171,2015-11-23,127220,kaleblg,needs_id,"",guam,13.430334,144.800573,8,Orthoptera,"Grasshoppers, Crickets, and Katydids",47651,Orthoptera,
2410172,2015-11-23,127220,kaleblg,needs_id,,,13.4308282,144.8008502,60,Orthoptera,"Grasshoppers, Crickets, and Katydids",47651,Orthoptera,
2410173,2015-11-23,127220,kaleblg,needs_id,"","",13.4327913,144.8033429,45,Hemiptera,"True Bugs, Cicadas, Hoppers, Aphids and Allies",47744,Hemiptera,
2410174,2015-08-31,127220,kaleblg,needs_id,"","",13.4182501,144.7835359,3304,Heteroptera,True Bugs,61267,Hemiptera,
2410175,2015-11-23,127220,kaleblg,needs_id,,,13.4327915,144.8033371,60,Stratiomyidae,Soldier Flies,70127,Diptera,Stratiomyidae
2413764,2015-11-24,126404,juliaschwierking,needs_id,,"Naval Station Apra, Santa Rita, GU, US",13.435295,144.6480416667,,Orthodera burmeisteri,,480353,Mantodea,Mantidae
2438197,2015-08-24,127231,aj345,needs_id,on grass area near wood line.,Univwersity of Guam,13.434576,144.800331,103,Orthoptera,"Grasshoppers, Crickets, and Katydids",47651,Orthoptera,
2438338,2015-11-16,127230,hertgabr,needs_id,Stilt bug,Guam,13.430238,144.800727,32,Hemiptera,"True Bugs, Cicadas, Hoppers, Aphids and Allies",47744,Hemiptera,
2438896,2015-10-31,127228,gchlupsa,needs_id,"Order: Lepidoptera
Family: Papilionidae
Genus: Papilio
Species: P. polytes",Guam,13.425604,144.790984,,Papilio polytes cyrus,Common Mormon Form cyrus,245883,Lepidoptera,Papilionidae
2439254,2015-10-18,126404,juliaschwierking,needs_id,"
Female ","San Luis Beach, Santa Rita, GU, US",13.441883,144.650169,,Oryctes rhinoceros,Asiatic rhinoceros beetle,320058,Coleoptera,Scarabaeidae
2439441,2015-09-28,127228,gchlupsa,needs_id,"Order: Lepidoptera
Family: Nymphalidae
Genus: Hypolimnas
Species: Hypolimnas anamola",Guam,13.427775,144.791843,,Hypolimnas anomala,Malayan Eggfly,358899,Lepidoptera,Nymphalidae
2439446,2015-09-28,127228,gchlupsa,needs_id,"Order: Coleoptera
Family: Scarabaeidae
Genus: Adoretus
Species: Adoretus sinicus",Guam,13.427023,144.791585,,Adoretus sinicus,,355548,Coleoptera,Scarabaeidae
2439454,2015-10-26,127228,gchlupsa,needs_id,"Order: Hemiptera
Family: Rhopalidae 
Genus: Leptocoris 
Species: Leptocoris vicinus","Yigo, Guam",13.563963,144.906134,11419,Leptocorisa,,145558,Hemiptera,Alydidae
2439461,2015-10-26,127228,gchlupsa,needs_id,"Order: Hymenoptera
Family: Vespidae
",Guam,13.426856,144.788667,,Vespidae,Hornets and Paper Wasps,52747,Hymenoptera,Vespidae
2439478,2015-08-31,127228,gchlupsa,needs_id,Order: Hymenoptera,Guam,13.427942,144.789954,,Eumeninae,Potter Wasps,119344,Hymenoptera,Vespidae
2439482,2015-11-12,127228,gchlupsa,needs_id,"Order: Coleoptera
Family: Scarabaeidae
Genus: Oryctes
Species: Oryctes rhinoceros",Guam,13.427608,144.788581,,Oryctes rhinoceros,Asiatic rhinoceros beetle,320058,Coleoptera,Scarabaeidae
2439493,2015-10-05,127228,gchlupsa,needs_id,"Order: Orthoptera 
Family: Tettigoniidae
Genus: Phaneroptera 
Species: P. furcifera",Guam,13.425604,144.792358,,Phaneroptera furcifera,Philippine katydid,48119,Orthoptera,Tettigoniidae
2439501,2015-08-31,127228,gchlupsa,needs_id,"Order: Lepidoptera
Family: Pieridae",Guam,13.42694,144.792358,,Pieridae,"Whites, Yellows and Sulphurs",48508,Lepidoptera,Pieridae
2439506,2015-10-26,127228,gchlupsa,needs_id,"Order: Hemiptera
Family: Coreidae","Yigo, Guam",13.563963,144.906134,11419,Coreidae,Leaf-footed Bugs,51777,Hemiptera,Coreidae
2439515,2015-10-26,127228,gchlupsa,needs_id,"Order: Diptera
Family: Stratiomyidae
Genus: Hermetia
Species: Hermetia illucens","Yigo, Guam",13.563963,144.906134,11419,Hermetia illucens,Black Soldier Fly,82177,Diptera,Stratiomyidae
2439521,2015-08-24,127228,gchlupsa,needs_id,"Order: Hymenoptera
Family: Vespidae","Barrigada, Guam",13.42502,144.788948,,Vespidae,Hornets and Paper Wasps,52747,Hymenoptera,Vespidae
2439523,2015-10-26,127228,gchlupsa,research,"Order: Hymenoptera
Family: Formicidae
Genus: Odontomachus","Yigo, Guam",13.563963,144.906134,11419,Odontomachus simillimus,,411282,Hymenoptera,Formicidae
2439530,2015-10-05,127228,gchlupsa,needs_id,Order: Diptera,guam,13.430947,144.792358,,Sarcophagidae,Flesh Flies,52910,Diptera,Sarcophagidae
2439536,2015-08-24,127228,gchlupsa,needs_id,"Order: Hymenoptera
Family: Apidae
Genus: Apis
Species: Apis mellifera
",Guam,13.428276,144.790984,,Apidae,"Honey Bees, Bumble Bees, and Allies",47221,Hymenoptera,Apidae
2439547,2015-10-18,127228,gchlupsa,needs_id,"Order: Hymenoptera
Family: Scoliidae","Dededo, Guam",13.545251,144.851121,11983,Campsomeris,,51961,Hymenoptera,Scoliidae
2439550,2015-10-14,127228,gchlupsa,needs_id,Order: Blattodea,"Dededo, Guam",13.545251,144.851121,11983,Blattodea,Cockroaches,81769,Blattodea,
2439567,2015-11-12,127228,gchlupsa,needs_id,"Order: Coleoptera
Family: Scarabaeidae
Genus: Popillia
Species: Popillia japonica",Guam,13.429611,144.793731,,Popillia japonica,Japanese Beetle,67760,Coleoptera,Scarabaeidae
2439573,2015-11-09,127228,gchlupsa,needs_id,"Order: Coleoptera
","Mangilao, Guam",13.470212,144.845622,7924,Coleoptera,Beetles,47208,Coleoptera,
2439588,2015-10-21,127228,gchlupsa,needs_id,"Order: Coleoptera


Description: Found this beetle flying around the pumpkin patch.","Dededo, Guam",13.545251,144.851121,11983,Chrysomelidae,Leaf Beetles,51146,Coleoptera,Chrysomelidae
2439591,2015-08-24,127228,gchlupsa,needs_id,"Order: Coleoptera



Description: This beetle was found inside of a crevice under a rock.","Mangilao, Guam",13.470212,144.845622,7924,Coleoptera,Beetles,47208,Coleoptera,
2439592,2015-11-30,127228,gchlupsa,needs_id,"Order: Coleoptera
Family: Elateridae","Dededo, Guam",13.545251,144.851121,11983,Elateridae,Click Beetles,53248,Coleoptera,Elateridae
2439595,2015-10-17,127228,gchlupsa,needs_id,"Order: Hemiptera
Family: Nabidae","Dededo, Guam",13.545251,144.851121,11983,Heteroptera,True Bugs,61267,Hemiptera,
2439599,2015-10-18,127228,gchlupsa,needs_id,"Order: Coleoptera
Family: Scarabaeidae
Genus: Protaetia
Species: Protaetia orientalis","Dededo, Guam",13.545251,144.851121,11983,Protaetia orientalis,Oriental Flower Beetle,123519,Coleoptera,Scarabaeidae
2439601,2015-09-28,127228,gchlupsa,needs_id,"Order: Odonata
",University of Guam,13.434576,144.800331,801,Orthetrum sabina,Green Marsh Hawk,107974,Odonata,Libellulidae
2439605,2015-10-26,127228,gchlupsa,needs_id,"Order: Odonata
Family: Coenagrionidae
Genus: Ischnura
Species: Ischnura aurora","Triton Farm, Guam",13.444304,144.793731,29336,Ischnura aurora,Aurora Bluetail,103480,Odonata,Coenagrionidae
2439608,2015-11-16,127228,gchlupsa,needs_id,Order: Lepidoptera,University of Guam,13.434576,144.800331,801,Lepidoptera,Butterflies and Moths,47157,Lepidoptera,
2440925,2015-09-15,127231,aj345,needs_id,Rhinosoures beetle found in a short coconut tree on a back yard.,"ordot, Guam",13.438961,144.775138,32,Coleoptera,Beetles,47208,Coleoptera,
2440963,2015-09-17,127231,aj345,needs_id,two pairs of transparent wings.,unversity of guam,13.431134,144.797978,801,Odonata,Dragonflies and Damselflies,47792,Odonata,
2440989,2015-08-30,127231,aj345,needs_id,reddish with a pair of light yellowish wings.,unversity of guam,13.430151,144.800803,,Eumeninae,Potter Wasps,119344,Hymenoptera,Vespidae
2441016,2015-09-14,127231,aj345,needs_id,brown and orange wings. two pairs.,unversity of guam,13.430277,144.799902,801,Sphingidae,Sphinx Moths,47213,Lepidoptera,Sphingidae
2441026,2015-08-31,127231,aj345,needs_id,two pairs of yellow wings with dark outline of wing edges.,unversity of guam,13.430402,144.798057,258,Lepidoptera,Butterflies and Moths,47157,Lepidoptera,
2441045,2015-10-26,127231,aj345,needs_id,two pairs of wings. brownish larger pair and spotted orange smaller pairs of wings.,yigo guam,13.546702,144.888362,516,Lepidoptera,Butterflies and Moths,47157,Lepidoptera,
2441052,2015-09-14,127231,aj345,needs_id,black butterfly with spotted bluish wings.,unversity of guam,13.430444,144.798014,,Lepidoptera,Butterflies and Moths,47157,Lepidoptera,
2441070,2015-09-14,127231,aj345,needs_id,white glossy small moth with two pairs of furry wings.,unversity of guam,13.431153,144.798014,,Lepidoptera,Butterflies and Moths,47157,Lepidoptera,
2441789,2015-12-01,126404,juliaschwierking,needs_id,,"Naval Station Apra, Santa Rita, GU, US",13.4349242784,144.6482570284,50,Oryctes rhinoceros,Asiatic rhinoceros beetle,320058,Coleoptera,Scarabaeidae
2444538,2015-10-11,126404,juliaschwierking,casual,3,"Naval Station Apra, Santa Rita, GU, US",13.436859,144.651704,129,Cicadellidae,Leafhoppers,53237,Hemiptera,Cicadellidae
2444544,2015-08-31,126404,juliaschwierking,needs_id,7,"University of Guam, Mangilao, GU, US",13.430056,144.801296,32,Proutista moesta,,482828,Hemiptera,Derbidae
2444554,2015-10-01,126404,juliaschwierking,needs_id,8,"University of Guam, Mangilao, GU, US",13.43032,144.80135,,Tetrigidae,Pygmy Grasshoppers,57658,Orthoptera,Tetrigidae
2444656,2015-10-01,126404,juliaschwierking,needs_id,16,"Naval Station Apra, Santa Rita, GU, US",13.436703,144.647627,258,Blattidae,,82232,Blattodea,Blattidae
2444660,2015-10-07,126404,juliaschwierking,casual,"17,18","Naval Station Apra, Santa Rita, GU, US",13.436703,144.647627,258,Blattodea,Cockroaches,81769,Blattodea,
2444663,2015-08-31,126404,juliaschwierking,needs_id,19,"University of Guam, Mangilao, GU, US",13.4299,144.801092,,Cicadellidae,Leafhoppers,53237,Hemiptera,Cicadellidae
2444666,2015-10-11,126404,juliaschwierking,casual,20,"Naval Station Apra, Santa Rita, GU, US",13.436843,144.647412,32,Cicadellidae,Leafhoppers,53237,Hemiptera,Cicadellidae
2444667,2015-08-24,126404,juliaschwierking,needs_id,21,"University of Guam, Mangilao, GU, US",13.430042,144.80092,64,Tropiduchidae,Tropiduchid Planthoppers,129579,Hemiptera,Tropiduchidae
2446300,2015-11-24,127231,aj345,needs_id,Green mantids found on a plumaria tree at the UOG agriculture building.,unversity of guam,13.430193,144.800803,,Mantodea,Mantids,48112,Mantodea,
2446308,2015-09-16,127231,aj345,needs_id,tiny red and black spots on forewings and silver hind wings. Feeds on Hiliotrope plants.,unversity of guam,13.43011,144.801275,,Arctiinae,Tiger Moths and Allies,47606,Lepidoptera,Erebidae
2447168,2015-10-11,126404,juliaschwierking,needs_id,1,"Naval Station Apra, Santa Rita, GU, US",13.436365,144.647198,516,Curculionidae,True Weevils,48736,Coleoptera,Curculionidae
2447181,2015-10-11,126404,juliaschwierking,needs_id,2,"Naval Station Apra, Santa Rita, GU, US",13.436733,144.652262,,Lauxaniidae,,118991,Diptera,Lauxaniidae
2449691,2015-08-24,127223,kphillips15,needs_id,"",University of Guam,13.434255,144.806514,,Noctuidae,Noctuid Moths,48670,Lepidoptera,Noctuidae
2449700,2015-08-24,127223,kphillips15,research,This moth was sitting on the billboard in Guma'ta hall for about four days. ,University of Guam,13.434233,144.806386,8,Daphnis placida,,326375,Lepidoptera,Sphingidae
2449703,2015-08-31,127223,kphillips15,needs_id,"","",13.431027,144.800812,8,Papilio polytes,Common Mormon,51588,Lepidoptera,Papilionidae
2449708,2015-09-14,127223,kphillips15,needs_id,"","",13.430068,144.800849,64,Euploea eunice,Blue-banded King Crow,358893,Lepidoptera,Nymphalidae
2449715,2015-09-21,127223,kphillips15,needs_id,"","",13.430518,144.800906,32,Pieridae,"Whites, Yellows and Sulphurs",48508,Lepidoptera,Pieridae
2449723,2015-09-28,127223,kphillips15,needs_id,"","",13.434292,144.806629,,Lepidoptera,Butterflies and Moths,47157,Lepidoptera,
2449724,2015-08-31,127223,kphillips15,needs_id,"","",13.430285,144.801528,32,Lepidoptera,Butterflies and Moths,47157,Lepidoptera,
2449729,2015-09-14,127223,kphillips15,research,Caught him over a puddle after a rain storm,"",13.430694,144.800315,,Pantala flavescens,Wandering Glider,108344,Odonata,Libellulidae
2449734,2015-09-26,127223,kphillips15,needs_id,He flew onto my door in my dorm ,"",13.430694,144.800315,,Mantidae,Mantids,48111,Mantodea,Mantidae
2449747,2015-12-01,127223,kphillips15,needs_id,Found hopping around the kitchen at Guma'ta Hall,"",13.434305,144.806398,,Gryllidae,True Crickets,52884,Orthoptera,Gryllidae
2449750,2015-10-03,127223,kphillips15,needs_id,"","",13.431753,144.800356,,Acridoidea,Short-horned Grasshoppers and Allies,47650,Orthoptera,
2449769,2015-11-16,127223,kphillips15,needs_id,"Female

Collected by Aubrey Moore","",13.430342,144.800573,,Oryctes rhinoceros,Asiatic rhinoceros beetle,320058,Coleoptera,Scarabaeidae
2449772,2015-09-08,127223,kphillips15,needs_id,Found crawling on the walls of Guma'ta Hall,"",13.434229,144.806536,,Cerambycidae,Longhorn Beetles,47961,Coleoptera,Cerambycidae
2449774,2015-08-31,127223,kphillips15,needs_id,"","",13.434229,144.806536,,Scarabaeidae,Scarabs,48201,Coleoptera,Scarabaeidae
2449775,2015-08-24,127223,kphillips15,needs_id,Found on a mattress sitting in the hallway of Guma'ta Hall,"",13.434229,144.806536,,Coleoptera,Beetles,47208,Coleoptera,
2449791,2015-08-30,127223,kphillips15,needs_id,Found crawling on the concrete between two buildings on University of Guam campus,"",13.433352,144.801794,,Protaetia orientalis,Oriental Flower Beetle,123519,Coleoptera,Scarabaeidae
2449793,2015-09-09,127223,kphillips15,needs_id,"","",13.43427,144.806601,,Coleoptera,Beetles,47208,Coleoptera,
2449795,2015-11-16,127223,kphillips15,needs_id,"","",13.43427,144.806601,,Hymenoptera,"Ants, Bees, Wasps and Sawflies",47201,Hymenoptera,
2449822,2015-09-09,127223,kphillips15,needs_id,"","",13.43427,144.806601,,Sceliphron,,121822,Hymenoptera,Sphecidae
2449827,2015-09-21,127223,kphillips15,needs_id,Found on the billboard at the entrance of the girls wing at Guma' ta hall,"",13.434249,144.806451,,Evaniidae,Ensign Wasps,199595,Hymenoptera,Evaniidae
2449836,2015-09-04,127223,kphillips15,needs_id,Found feeding on chicken in the garbage at Guma'ta hall. ,"",13.434272,144.806446,,Sarcophagidae,Flesh Flies,52910,Diptera,Sarcophagidae
2449841,2015-10-05,127223,kphillips15,needs_id,Caught in a grass sweep outside of Agriculture building,"",13.430137,144.800598,,Apidae,"Honey Bees, Bumble Bees, and Allies",47221,Hymenoptera,Apidae
2449843,2015-11-20,127223,kphillips15,needs_id,"","",13.430137,144.800598,,Hemiptera,"True Bugs, Cicadas, Hoppers, Aphids and Allies",47744,Hemiptera,
2449854,2015-09-07,127223,kphillips15,needs_id,Found in the hallway of Guma'ta hall,"",13.434284,144.806771,64,Tettigoniidae,Katydids,48124,Orthoptera,Tettigoniidae
2449898,2015-09-27,127223,kphillips15,casual,Found on the window ledge at Guma' ta hall at University of Guam,"",13.434254,144.806582,32,Periplaneta americana,American Cockroach,82231,Blattodea,Blattidae
2449936,2015-11-16,127223,kphillips15,needs_id,Caught in sweep of grassy area outside of UOG,"",13.43026,144.800906,129,Vespidae,Hornets and Paper Wasps,52747,Hymenoptera,Vespidae
2450009,2015-10-26,127223,kphillips15,casual,"","",13.563187,144.906807,1033,Rhopalidae,Scentless Plant Bugs,53225,Hemiptera,Rhopalidae
2450013,2015-10-01,127223,kphillips15,casual,Found crawling on the wall of a friends room at Guma'ta hall. ,"",13.4341,144.806571,129,Pentatomidae,Stink Bugs,47742,Hemiptera,Pentatomidae
2450054,2015-11-29,127223,kphillips15,needs_id,Found crawling on the wall at Guma'ta hall at University of Guam campus. ,"",13.434202,144.806442,32,Cylas formicarius,Sweet potato weevil,305678,Coleoptera,Brentidae
2450056,2015-09-09,127223,kphillips15,needs_id,"","Mangilao, Guam",13.470212,144.845622,7924,Hemiptera,"True Bugs, Cicadas, Hoppers, Aphids and Allies",47744,Hemiptera,
2450063,2015-09-09,127223,kphillips15,needs_id,I apologize for the large amount of glue. ,"Mangilao, Guam",13.470212,144.845622,7924,Hymenoptera,"Ants, Bees, Wasps and Sawflies",47201,Hymenoptera,
2450067,2015-09-09,127223,kphillips15,needs_id,"","Mangilao, Guam",13.470212,144.845622,7924,Hemiptera,"True Bugs, Cicadas, Hoppers, Aphids and Allies",47744,Hemiptera,
2450068,2015-09-09,127223,kphillips15,needs_id,"","Mangilao, Guam",13.470212,144.845622,7924,Hymenoptera,"Ants, Bees, Wasps and Sawflies",47201,Hymenoptera,
2450069,2015-09-09,127223,kphillips15,needs_id,"","Mangilao, Guam",13.470212,144.845622,7924,Hemiptera,"True Bugs, Cicadas, Hoppers, Aphids and Allies",47744,Hemiptera,
2450071,2015-10-16,127223,kphillips15,needs_id,"","Mangilao, Guam",13.470212,144.845622,7924,Diptera,Flies,47822,Diptera,
2450072,2015-10-16,127223,kphillips15,needs_id,"","Mangilao, Guam",13.470212,144.845622,7924,Dictyopharidae,Dictyopharid Planthoppers,53509,Hemiptera,Dictyopharidae
2450073,2015-10-16,127223,kphillips15,needs_id,"","Mangilao, Guam",13.470212,144.845622,7924,Chrysomelidae,Leaf Beetles,51146,Coleoptera,Chrysomelidae
2450074,2015-10-16,127223,kphillips15,needs_id,"","Mangilao, Guam",13.470212,144.845622,7924,Hemiptera,"True Bugs, Cicadas, Hoppers, Aphids and Allies",47744,Hemiptera,
2450077,2015-10-16,127223,kphillips15,needs_id,"","Mangilao, Guam",13.470212,144.845622,7924,Hemiptera,"True Bugs, Cicadas, Hoppers, Aphids and Allies",47744,Hemiptera,
2450078,2015-10-16,127223,kphillips15,needs_id,"","Mangilao, Guam",13.470212,144.845622,7924,Cicadellidae,Leafhoppers,53237,Hemiptera,Cicadellidae
2450079,2015-10-16,127223,kphillips15,needs_id,"","Mangilao, Guam",13.470212,144.845622,7924,Hemiptera,"True Bugs, Cicadas, Hoppers, Aphids and Allies",47744,Hemiptera,
2450082,2015-10-16,127223,kphillips15,needs_id,"","Mangilao, Guam",13.470212,144.845622,7924,Diptera,Flies,47822,Diptera,
2450085,2015-10-26,127223,kphillips15,needs_id,"","Mangilao, Guam",13.470212,144.845622,7924,Hemiptera,"True Bugs, Cicadas, Hoppers, Aphids and Allies",47744,Hemiptera,
2450086,2015-10-26,127223,kphillips15,needs_id,"","Mangilao, Guam",13.470212,144.845622,7924,Hemiptera,"True Bugs, Cicadas, Hoppers, Aphids and Allies",47744,Hemiptera,
2450093,2015-10-26,127223,kphillips15,needs_id,"","Mangilao, Guam",13.470212,144.845622,7924,Orthoptera,"Grasshoppers, Crickets, and Katydids",47651,Orthoptera,
2452016,2015-12-03,127228,gchlupsa,needs_id,"Order: Mantodea

Description: Was found on a Cocos nucifera tree.",university of guam,13.434576,144.800331,801,Mantodea,Mantids,48112,Mantodea,
2452018,2015-09-14,127228,gchlupsa,needs_id,"Order: Orthoptera
Family: Acrididae
Genus: Oxya
Species: Oxya japonica",University of Guam,13.434576,144.800331,801,Oxya japonica,,363699,Orthoptera,Acrididae
2452041,2015-11-16,127228,gchlupsa,needs_id,Order: Diptera,University of Guam,13.434576,144.800331,801,Diptera,Flies,47822,Diptera,
2456677,2015-12-03,126404,juliaschwierking,needs_id,Found under log,"University of Guam, Mangilao, GU, US",13.4304033333,144.8003533333,,Reduviidae,Assassin Bugs,48959,Hemiptera,Reduviidae
2456778,2015-10-15,126404,juliaschwierking,needs_id,24,"Naval Station Apra, Santa Rita, GU, US",13.435447,144.647477,64,Ischnura aurora,Aurora Bluetail,103480,Odonata,Coenagrionidae
2456803,2015-11-05,126404,juliaschwierking,needs_id,31,"Naval Station Apra, Santa Rita, GU, US",13.435815,144.647284,129,Dictyopharidae,Dictyopharid Planthoppers,53509,Hemiptera,Dictyopharidae
2456810,2015-11-24,126404,juliaschwierking,needs_id,56,"Naval Station Apra, Santa Rita, GU, US",13.43509,144.647627,258,Pentatomidae,Stink Bugs,47742,Hemiptera,Pentatomidae
2456833,2015-11-25,126404,juliaschwierking,needs_id,57,"Naval Station Apra, Santa Rita, GU, US",13.435591,144.647455,257,Tettigoniidae,Katydids,48124,Orthoptera,Tettigoniidae
2456838,2015-10-15,126404,juliaschwierking,needs_id,35,"Naval Station Apra, Santa Rita, GU, US",13.435006,144.647455,258,Eumeninae,Potter Wasps,119344,Hymenoptera,Vespidae
2456857,2015-10-18,126404,juliaschwierking,needs_id,37,"Naval Station Apra, Santa Rita, GU, US",13.421398,144.656918,32,Popillia,,67761,Coleoptera,Scarabaeidae
2456863,2015-10-15,126404,juliaschwierking,needs_id,38,"Naval Station Apra, Santa Rita, GU, US",13.435201,144.647369,258,Acrididae,Short-horned Grasshoppers,47649,Orthoptera,Acrididae
2456867,2015-10-11,126404,juliaschwierking,needs_id,40,"Naval Station Apra, Santa Rita, GU, US",13.435117,144.647627,258,Reduviidae,Assassin Bugs,48959,Hemiptera,Reduviidae
2456897,2015-11-22,126404,juliaschwierking,needs_id,"Found near edge of woods at night
43","Naval Station Apra, Santa Rita, GU, US",13.43534,144.647455,258,Mantidae,Mantids,48111,Mantodea,Mantidae
2456919,2015-11-13,126404,juliaschwierking,needs_id,"47, 48","Asan Beach, Guam",13.472007,144.707172,64,Formicidae,Ants,47336,Hymenoptera,Formicidae
2457526,2015-12-07,127220,kaleblg,casual,,,13.4328081,144.8033658,40,Scarabaeidae,Scarabs,48201,Coleoptera,Scarabaeidae
2458143,2015-10-26,127228,gchlupsa,needs_id,"Order: Hemiptera

Decription:
Found on a citrus plant. Quite possible the brown citrus aphid - Toxoptera citricida

Viewed under a microscope",Yigo Guam,13.563963,144.906134,11419,Aphididae,Aphids,52381,Hemiptera,Aphididae
2458148,2015-11-23,127228,gchlupsa,needs_id,"Order: Hemiptera
Family: Cicadellidae


Description:
Body was green when caught.  ",University of Guam,13.434576,144.800331,801,Cicadellidae,Leafhoppers,53237,Hemiptera,Cicadellidae
2458150,2015-11-23,127228,gchlupsa,needs_id,"Order: Diptera
",University of Guam,13.434576,144.800331,801,Culicidae,Mosquitoes,52134,Diptera,Culicidae
2459621,2015-08-25,127231,aj345,needs_id,Dark brown head capsule with light brow wings.,unversity of guam,13.430861,144.79943,,Blattidae,,82232,Blattodea,Blattidae
2459651,2015-10-26,127231,aj345,needs_id,shiny head with hard shelled wing covers.,yigo guam,13.532433,144.872935,8,Coleoptera,Beetles,47208,Coleoptera,
2459663,2015-10-12,127224,chieriel,casual,Rhinoceros beetle found at Dr. Odi office on the third floor @ University of Guam.,University of Guam,13.433449,144.798529,,Oryctes rhinoceros,Asiatic rhinoceros beetle,320058,Coleoptera,Scarabaeidae
2459665,2015-08-24,127231,aj345,needs_id,very light brown color with hard shell wing covers.,unversity of guam,13.43203,144.799344,,Coleoptera,Beetles,47208,Coleoptera,
2459671,2015-09-14,127224,chieriel,casual,"",University of Guam,13.430297,144.79973,,Mantidae,Mantids,48111,Mantodea,Mantidae
2459673,2015-09-14,127231,aj345,casual,furry body with ling snout and transparent wings.,unversity of guam,13.430402,144.799988,,Apis mellifera,Honey Bee,47219,Hymenoptera,Apidae
2459675,2015-08-24,127224,chieriel,casual,Blue spotted butterfly caught at University of Guam,University of Guam,13.431226,144.801007,,Euploea eunice,Blue-banded King Crow,358893,Lepidoptera,Nymphalidae
2459682,2015-09-21,127224,chieriel,casual,"",University of Guam,13.430235,144.800213,,Melanitis leda,Common Evening Brown,51584,Lepidoptera,Nymphalidae
2459699,2015-08-24,127224,chieriel,needs_id,Citrus Swallow tail with stripes on its wings,University of Guam,13.431279,144.800985,,Papilio polytes,Common Mormon,51588,Lepidoptera,Papilionidae
2459702,2015-08-31,127231,aj345,casual,spotted brown and orange on wings.,unversity of guam,13.430402,144.800503,,Hesperiidae,Skippers,47653,Lepidoptera,Hesperiidae
2459729,2015-12-02,127224,chieriel,casual,"Makes clicking noise, its brown long and found at a friends house",Ordot,13.439238,144.768734,,Elateridae,Click Beetles,53248,Coleoptera,Elateridae
2459746,2015-11-28,127224,chieriel,needs_id,"",Guam barigada,13.473166,144.783797,,Sceliphron laetum,Mud Dauber Wasp,326131,Hymenoptera,Sphecidae
2459754,2015-12-07,127224,chieriel,casual,"",Guam barigada,13.473166,144.783797,,Adoretus sinicus,,355548,Coleoptera,Scarabaeidae
2459759,2015-10-26,127231,aj345,needs_id,bright red body with black legs and antanae.,yigo guam,13.532552,144.872898,32,Hemiptera,"True Bugs, Cicadas, Hoppers, Aphids and Allies",47744,Hemiptera,
2459771,2015-12-05,127224,chieriel,casual,"",University of Guam,13.470766,144.818131,4223,Popillia japonica,Japanese Beetle,67760,Coleoptera,Scarabaeidae
2459785,2015-10-24,127224,chieriel,casual,"",University of Guam,13.430548,144.800567,,Cerambycidae,Longhorn Beetles,47961,Coleoptera,Cerambycidae
2460293,2015-10-18,126404,juliaschwierking,research,13,"Naval Station Apra, Santa Rita, GU, US",13.435507,144.647284,258,Curinus coeruleus,Metallic Blue Lady Beetle,143948,Coleoptera,Coccinellidae
2462512,2015-12-06,126404,juliaschwierking,needs_id,"","Naval Station Apra, Santa Rita, GU, US",13.435107,144.647841,32,Chelisochidae,,208121,Dermaptera,Chelisochidae
2462519,2015-08-31,126404,juliaschwierking,needs_id,Found under a log,"University of Guam, Mangilao, GU, US",13.430371,144.800379,16,Termitidae,,118902,Blattodea,Termitidae
2462548,2015-08-17,127231,aj345,casual,Brown color with two pairs of wings.,unversity of guam,13.430193,144.800417,,Orthoptera,"Grasshoppers, Crickets, and Katydids",47651,Orthoptera,
2462563,2015-12-08,7547,aubreymoore,casual,infesting commercial fish feed,"Yigo Ag Expt Stn, Yigo, Guam",13.532202,144.873765,,Lasioderma serricorne,Tobacco Beetle,47493,Coleoptera,Ptinidae
2462595,2015-12-04,126404,juliaschwierking,needs_id,Collected and determined by Ed DePueblo,Guam,13.451707,144.799805,16563,Leptocentrus taurus,eggplant horned planthopper,155470,Hemiptera,Membracidae
2462600,2015-09-10,127231,aj345,casual,brown color with brown forewings.,unversity of guam,13.431821,144.799516,,Orthoptera,"Grasshoppers, Crickets, and Katydids",47651,Orthoptera,
2462603,2015-08-24,126404,juliaschwierking,needs_id,"","University of Guam, Mangilao, GU, US",13.430264,144.800363,129,Coleoptera,Beetles,47208,Coleoptera,
2462606,2015-11-07,126404,juliaschwierking,casual,"Collected with aspirator around outside light after dark
51","Naval Station Apra, Santa Rita, GU, US",13.435131,144.647863,32,Tingidae,Lace Bugs,53506,Hemiptera,Tingidae
2462610,2015-10-12,127231,aj345,casual,spots of white on wings. dark black and some what bluish color of wings.,unversity of guam,13.430193,144.801018,,Lepidoptera,Butterflies and Moths,47157,Lepidoptera,
2462626,2015-11-25,127231,aj345,needs_id,brown color body with brown stripes on wings.  pretty long hind legs for hopping.,unversity of guam,13.430068,144.800589,,Orthoptera,"Grasshoppers, Crickets, and Katydids",47651,Orthoptera,
2463052,2015-10-26,127224,chieriel,needs_id,"",Yigo,13.532505,144.872295,,Odonata,Dragonflies and Damselflies,47792,Odonata,
2463071,2015-09-26,127224,chieriel,casual,"",Mongmong,13.473169,144.783835,,Diptera,Flies,47822,Diptera,
2463073,2015-09-28,127224,chieriel,casual,"",University of Guam,13.430256,144.798743,,Apidae,"Honey Bees, Bumble Bees, and Allies",47221,Hymenoptera,Apidae
2463078,2015-11-23,127224,chieriel,casual,"",Guam triton farm,13.532325,144.871538,,Hemiptera,"True Bugs, Cicadas, Hoppers, Aphids and Allies",47744,Hemiptera,
2463080,2015-09-25,127224,chieriel,casual,"",University of Guam,13.430475,144.800642,,Blattodea,Cockroaches,81769,Blattodea,
2463086,2015-08-24,127224,chieriel,casual,"",University of Guam,13.430078,144.801114,,Protaetia orientalis,Oriental Flower Beetle,123519,Coleoptera,Scarabaeidae
2463092,2015-08-31,127224,chieriel,casual,"",University of Guam,13.429129,144.80208,,Orthoptera,"Grasshoppers, Crickets, and Katydids",47651,Orthoptera,
2463094,2015-08-31,127224,chieriel,casual,"",University of Guam,13.431101,144.800846,,Oxya japonica,,363699,Orthoptera,Acrididae
2463099,2015-10-26,127224,chieriel,casual,"",University of Guam,13.430391,144.800642,,Tettigoniidae,Katydids,48124,Orthoptera,Tettigoniidae
2463105,2015-08-31,127224,chieriel,casual,"",University of Guam,13.431225,144.800277,,Odonata,Dragonflies and Damselflies,47792,Odonata,
2463109,2015-10-26,127224,chieriel,casual,"",wusstig,13.532281,144.872104,,Hemiptera,"True Bugs, Cicadas, Hoppers, Aphids and Allies",47744,Hemiptera,
2463121,2015-10-26,127224,chieriel,casual,"",University of Guam,13.429087,144.802327,,Vespidae,Hornets and Paper Wasps,52747,Hymenoptera,Vespidae
2463123,2015-11-23,127224,chieriel,casual,"",University of Guam,13.430762,144.800143,,Hymenoptera,"Ants, Bees, Wasps and Sawflies",47201,Hymenoptera,
2463126,2015-11-23,127224,chieriel,casual,"",University of Guam,13.430475,144.799741,,Diptera,Flies,47822,Diptera,
2463137,2015-09-28,127224,chieriel,casual,"",University of Guam,13.428795,144.798861,,Acridoidea,Short-horned Grasshoppers and Allies,47650,Orthoptera,
2463141,2015-12-05,127224,chieriel,casual,"",Barrigada,13.473185,144.783824,,Cicadellidae,Leafhoppers,53237,Hemiptera,Cicadellidae
2463143,2015-12-05,127224,chieriel,casual,"",University of Guam,13.431038,144.800739,,Coccinellidae,Ladybird Beetles,48486,Coleoptera,Coccinellidae
2463146,2015-12-07,127224,chieriel,casual,"",University of Guam,13.430339,144.800696,,Diptera,Flies,47822,Diptera,
2464111,2015-12-07,127220,kaleblg,needs_id,"",University of Guam,13.433297,144.798582,102,Scarabaeidae,Scarabs,48201,Coleoptera,Scarabaeidae
2464114,2015-10-26,127220,kaleblg,needs_id,Beetle in the middle is blue behind its wings,University of Guam,13.432556,144.801167,51,Buprestidae,Metallic Wood-boring Beetles,54964,Coleoptera,Buprestidae
2464116,2015-12-07,127220,kaleblg,needs_id,"",University of Guam,13.434576,144.800331,801,Scarabaeidae,Scarabs,48201,Coleoptera,Scarabaeidae
2464118,2015-12-07,127220,kaleblg,needs_id,Carpenter bees,University of Guam,13.434576,144.800331,801,Xylocopinae,Carpenter Bees,244505,Hymenoptera,Apidae
2464120,2015-12-07,127220,kaleblg,needs_id,"",University of Guam,13.434576,144.800331,801,Megachilidae,"Mason, Leafcutter, Carder, and Resin Bees",52777,Hymenoptera,Megachilidae
2464121,2015-12-07,127220,kaleblg,needs_id,"",University of Guam,13.434576,144.800331,801,Hymenoptera,"Ants, Bees, Wasps and Sawflies",47201,Hymenoptera,
2464122,2015-12-07,127220,kaleblg,needs_id,"",University of Guam,13.434576,144.800331,801,Vespidae,Hornets and Paper Wasps,52747,Hymenoptera,Vespidae
2464123,2015-12-07,127220,kaleblg,needs_id,Has piercing mouth parts,University of Guam,13.43036,144.801104,,Hemiptera,"True Bugs, Cicadas, Hoppers, Aphids and Allies",47744,Hemiptera,
2464125,2015-12-07,127220,kaleblg,needs_id,Piercing mouth parts on the left,University of Guam,13.43036,144.800975,,Hemiptera,"True Bugs, Cicadas, Hoppers, Aphids and Allies",47744,Hemiptera,
2464126,2015-12-07,127220,kaleblg,needs_id,"",University of Guam,13.430569,144.800803,206,Diptera,Flies,47822,Diptera,
2464127,2015-12-07,127220,kaleblg,needs_id,No stinger/ cutting mouthparts ,University of Guam,13.434576,144.800331,127,Diptera,Flies,47822,Diptera,
2464129,2015-12-07,127220,kaleblg,needs_id,"",University of Guam,13.430527,144.801061,,Diptera,Flies,47822,Diptera,
2464130,2015-12-07,127220,kaleblg,needs_id,"",University of Guam,13.430569,144.800846,,Diptera,Flies,47822,Diptera,
2464132,2015-12-07,127220,kaleblg,needs_id,"",University of Guam,13.434576,144.800331,131,Diptera,Flies,47822,Diptera,
2464134,2015-12-07,127220,kaleblg,needs_id,"",University of Guam,13.430652,144.800846,52,Diptera,Flies,47822,Diptera,
2464136,2015-12-07,127220,kaleblg,needs_id,"",University of Guam,13.430318,144.800889,,Muscidae,House Flies and Allies,70144,Diptera,Muscidae
2464138,2015-12-07,127220,kaleblg,needs_id,"",University of Guam,13.430235,144.800846,,Lauxaniidae,,118991,Diptera,Lauxaniidae
2464140,2015-12-07,127220,kaleblg,needs_id,"",University of Guam,13.430485,144.800889,,Largidae,Bordered Plant Bugs,52984,Hemiptera,Largidae
2464141,2015-12-07,127220,kaleblg,needs_id,"",University of Guam,13.430485,144.800417,,Hemiptera,"True Bugs, Cicadas, Hoppers, Aphids and Allies",47744,Hemiptera,
2464142,2015-12-07,127220,kaleblg,needs_id,"",University of Guam,13.430277,144.800632,,Pentatomidae,Stink Bugs,47742,Hemiptera,Pentatomidae
2464143,2015-12-07,127220,kaleblg,needs_id,"",University of Guam,13.430903,144.800889,,Blattidae,,82232,Blattodea,Blattidae
2464144,2015-12-07,127220,kaleblg,needs_id,Can be found on sweet potato,University of Guam,13.430569,144.80046,,Hemiptera,"True Bugs, Cicadas, Hoppers, Aphids and Allies",47744,Hemiptera,
2464146,2015-12-07,127220,kaleblg,needs_id,"Tiny,many can be found in fields",University of Guam,13.429776,144.800889,,Lepidoptera,Butterflies and Moths,47157,Lepidoptera,
2464147,2015-12-07,127220,kaleblg,needs_id,"",University of Guam,13.43036,144.801189,,Coenagrionidae,Narrow-winged Damselflies,47925,Odonata,Coenagrionidae
2464150,2015-12-07,127220,kaleblg,needs_id,"",University of Guam,13.430444,144.800589,,Mantidae,Mantids,48111,Mantodea,Mantidae
2464153,2015-12-07,127220,kaleblg,needs_id,"",University of Guam,13.429483,144.80076,,Tettigoniidae,Katydids,48124,Orthoptera,Tettigoniidae
2464156,2015-12-07,127220,kaleblg,needs_id,"",University of Guam,13.429984,144.800846,,Acrididae,Short-horned Grasshoppers,47649,Orthoptera,Acrididae
2464181,2015-12-10,127224,chieriel,casual,"",Guam barigada,13.473165,144.783841,,Blattodea,Cockroaches,81769,Blattodea,
2464208,2015-12-09,127224,chieriel,casual,"",Guam barigada,13.473186,144.783584,,Phereoeca allutella,,330505,Lepidoptera,Tineidae
2464225,2015-08-24,127224,chieriel,casual,"",University of Guam,13.430558,144.800674,,Diptera,Flies,47822,Diptera,
2464250,2015-12-09,127224,chieriel,casual,"",Mongmong,13.469716,144.78068,2110,Diptera,Flies,47822,Diptera,
2465348,2015-10-26,127231,aj345,needs_id,"light brown body color with black spot at end of wings, and has yellow stripes acros abdomen.","ordot, Guam",13.445041,144.755214,7,Hymenoptera,"Ants, Bees, Wasps and Sawflies",47201,Hymenoptera,
2465407,2015-12-07,127231,aj345,casual,dark body.,unversity of guam,13.430485,144.800975,,Hymenoptera,"Ants, Bees, Wasps and Sawflies",47201,Hymenoptera,
2465410,2015-10-05,127231,aj345,casual,Green hard shell beetle.,unversity of guam,13.430493,144.800893,64,Coleoptera,Beetles,47208,Coleoptera,
2465416,2015-11-30,127231,aj345,casual,black body with overlapping wings.,unversity of guam,13.431863,144.79943,,Termitoidae,Termites,118903,Blattodea,
2465675,2015-12-07,127231,aj345,casual,Hairy body with stripes.,unversity of guam,13.430318,144.799988,,Hymenoptera,"Ants, Bees, Wasps and Sawflies",47201,Hymenoptera,
2465685,2015-12-07,127231,aj345,casual,yellow strips across body with a pair of wings.,"ordot, Guam",13.434705,144.776702,,Hymenoptera,"Ants, Bees, Wasps and Sawflies",47201,Hymenoptera,
2465732,2015-10-12,127291,asangoel,needs_id,"","Mangilao, Guam",13.430191,144.800151,7924,Lepidoptera,Butterflies and Moths,47157,Lepidoptera,
2465737,2015-12-10,127224,chieriel,casual,"",University of Guam,13.429974,144.80091,,Coleoptera,Beetles,47208,Coleoptera,
2465748,2015-12-10,127224,chieriel,casual,"",University of Guam,13.430548,144.800642,,Hemiptera,"True Bugs, Cicadas, Hoppers, Aphids and Allies",47744,Hemiptera,
2465759,2015-12-10,127224,chieriel,casual,black island flea hopper,University of Guam,13.433324,144.801232,,Hemiptera,"True Bugs, Cicadas, Hoppers, Aphids and Allies",47744,Hemiptera,
2465760,2015-09-14,127291,asangoel,casual,"Parasitic Wasp

Caught behind House 1 (UOG Mangilao, Guam)",University of Guam,13.430186,144.800164,801,Hymenoptera,"Ants, Bees, Wasps and Sawflies",47201,Hymenoptera,
2465774,2015-10-26,127224,chieriel,needs_id,"",University of Guam,13.433407,144.801189,,Tettigonioidea,Katydids and Allies,48125,Orthoptera,
2466098,2015-10-11,127230,hertgabr,casual,"","Yigo Ag Expt Stn, Yigo, Guam",13.536135,144.876572,32,Tettigoniidae,Katydids,48124,Orthoptera,Tettigoniidae
2466100,2015-04-29,126404,juliaschwierking,research,,"Naval Station Apra, Santa Rita, GU, US",13.4351333333,144.648025,,Hippotion celerio,Vine Hawk-Moth,199458,Lepidoptera,Sphingidae
2466103,2014-11-15,126404,juliaschwierking,needs_id,,"Harmon Loop Rd, Yigo, GU, US",13.5122062296,144.8301863077,352,Cassidini,Tortoise Beetles,373656,Coleoptera,Chrysomelidae
2466106,2015-01-11,126404,juliaschwierking,needs_id,,"Naval Reg Med CTR Annex, Santa Rita, GU, US",13.4732583333,144.7070166667,,Papilio polytes,Common Mormon,51588,Lepidoptera,Papilionidae
2466123,2015-11-16,127230,hertgabr,casual,"",University of Guam,13.43395,144.801232,,Pseudococcidae,Mealybugs,49574,Hemiptera,Pseudococcidae
2466397,2014-11-02,126404,juliaschwierking,needs_id,,"Andersen Air Force Base, Yigo, GU, US",13.5338205903,144.8025101458,1132,Scarabaeidae,Scarabs,48201,Coleoptera,Scarabaeidae
2466450,2015-11-16,127230,hertgabr,casual,"",University of Guam,13.433992,144.801447,,Orthoptera,"Grasshoppers, Crickets, and Katydids",47651,Orthoptera,
2466453,2015-11-16,127230,hertgabr,casual,"",University of Guam,13.433365,144.801661,,Formicidae,Ants,47336,Hymenoptera,Formicidae
2466474,2015-10-05,127230,hertgabr,casual,"",University of Guam,13.433819,144.801157,,Diptera,Flies,47822,Diptera,
2466548,2015-10-09,127230,hertgabr,casual,"",Lalo St. 248 Mangilao Guam,13.451177,144.805651,210,Coreoidea,Leaf-footed bugs and allies,51776,Hemiptera,
2466718,2015-09-21,127228,gchlupsa,needs_id,"Order: Hymenoptera
Family: Sphecidae

",University of Guam,13.434576,144.800331,801,Sphecidae,Thread-waisted Wasps,48742,Hymenoptera,Sphecidae
2466726,2015-09-14,127228,gchlupsa,needs_id,"Order: Lepidoptera 
Family: Danaidae
Genus: Euploea
Species: E. eunice",university of guam,13.434576,144.800331,801,Euploea eunice,Blue-banded King Crow,358893,Lepidoptera,Nymphalidae
2466731,2015-10-26,127228,gchlupsa,needs_id,"Order: Lepidoptera
Family: Pieridae
Genus: Catopsilia
Species: C. pomona","Yigo, Guam",13.563963,144.906134,11419,Catopsilia pomona,Lemon Migrant,133443,Lepidoptera,Pieridae
2466745,2015-12-03,127228,gchlupsa,needs_id,"Order: Dermaptera

Immature",university of guam,13.434576,144.800331,801,Dermaptera,Earwigs,47793,Dermaptera,
2468116,2015-12-09,7547,aubreymoore,casual,Collected and photographed by Curt Fiedler,Guam,13.444304,144.793731,29336,Leptoglossus gonagra,Citron Bug,154552,Hemiptera,Coreidae
2468494,2015-10-11,127230,hertgabr,casual,"","Triton Farm, Yigo",13.56997,144.904074,,Lepidoptera,Butterflies and Moths,47157,Lepidoptera,
2468505,2015-08-24,127230,hertgabr,casual,"",University of Guam,13.433825,144.801061,,Lepidoptera,Butterflies and Moths,47157,Lepidoptera,
2468513,2015-10-11,127230,hertgabr,casual,"","Triton Farm, Yigo",13.557955,144.900641,,Lepidoptera,Butterflies and Moths,47157,Lepidoptera,
2468556,2015-08-31,127230,hertgabr,casual,"",University of Guam,13.434576,144.800331,801,Hymenoptera,"Ants, Bees, Wasps and Sawflies",47201,Hymenoptera,
2468557,2015-10-05,127230,hertgabr,casual,"",University of Guam,13.434576,144.800331,801,Hymenoptera,"Ants, Bees, Wasps and Sawflies",47201,Hymenoptera,
2468559,2015-10-05,127230,hertgabr,casual,"",University of Guam,13.434284,144.800632,,Hymenoptera,"Ants, Bees, Wasps and Sawflies",47201,Hymenoptera,
2468563,2015-08-31,127230,hertgabr,casual,"",University of Guam,13.433616,144.801189,,Hymenoptera,"Ants, Bees, Wasps and Sawflies",47201,Hymenoptera,
2468566,2015-10-05,127230,hertgabr,casual,"",University of Guam,13.433407,144.801747,,Hymenoptera,"Ants, Bees, Wasps and Sawflies",47201,Hymenoptera,
2468569,2015-10-11,127230,hertgabr,casual,"","Triton Farm, Yigo",13.571972,144.901328,,Orthoptera,"Grasshoppers, Crickets, and Katydids",47651,Orthoptera,
2468576,2015-10-19,127230,hertgabr,casual,"",University of Guam,13.434117,144.800889,,Lepidoptera,Butterflies and Moths,47157,Lepidoptera,
2468598,2015-10-19,127230,hertgabr,casual,"",University of Guam,13.434033,144.800589,,Lepidoptera,Butterflies and Moths,47157,Lepidoptera,
2468603,2015-10-11,127230,hertgabr,casual,"","Triton Farm, Yigo",13.568635,144.899954,,Lepidoptera,Butterflies and Moths,47157,Lepidoptera,
2468611,2015-10-05,127230,hertgabr,casual,"",University of Guam,13.433992,144.800331,,Diptera,Flies,47822,Diptera,
2468616,2015-08-31,127230,hertgabr,casual,"",University of Guam,13.433866,144.800674,,Orthoptera,"Grasshoppers, Crickets, and Katydids",47651,Orthoptera,
2468618,2015-10-05,127230,hertgabr,casual,"",University of Guam,13.433992,144.800975,,Orthoptera,"Grasshoppers, Crickets, and Katydids",47651,Orthoptera,
2468621,2015-10-11,127230,hertgabr,casual,"","Triton Farm, Yigo",13.563963,144.902014,,Coleoptera,Beetles,47208,Coleoptera,
2468624,2015-10-11,127230,hertgabr,casual,"","Triton Farm, Yigo",13.560625,144.899268,,Coleoptera,Beetles,47208,Coleoptera,
2468635,2015-10-09,127230,hertgabr,casual,"",Lalo St. 248 Mangilao Guam,13.451177,144.805651,210,Blattodea,Cockroaches,81769,Blattodea,
2468636,2015-10-11,127230,hertgabr,casual,"","Triton Farm, Yigo",13.557288,144.905448,,Hemiptera,"True Bugs, Cicadas, Hoppers, Aphids and Allies",47744,Hemiptera,
2468639,2015-10-09,127230,hertgabr,casual,"",Lalo St. 248 Mangilao Guam,13.451114,144.805726,,Hemiptera,"True Bugs, Cicadas, Hoppers, Aphids and Allies",47744,Hemiptera,
2468642,2015-10-05,127230,hertgabr,casual,"",University of Guam,13.433866,144.800932,,Hemiptera,"True Bugs, Cicadas, Hoppers, Aphids and Allies",47744,Hemiptera,
2475169,2015-12-13,7547,aubreymoore,needs_id,"","UOG Ag Expt Stn, Yigo, Guam",13.532429,144.871877,1,Melormenis basalis,,483750,Hemiptera,Flatidae
2475211,2015-12-13,7547,aubreymoore,needs_id,"","UOG Ag Expt Stn, Yigo, Guam",13.532422,144.87189,1,Hyblaea puera,,202649,Lepidoptera,Hyblaeidae
2475244,2015-12-13,7547,aubreymoore,needs_id,"","UOG Ag Expt Stn, Yigo, Guam",13.532422,144.871885,1,Dolichopodidae,Long-legged flies,68020,Diptera,Dolichopodidae
2475261,2015-12-13,7547,aubreymoore,needs_id,"","UOG Ag Expt Stn, Yigo, Guam",13.532414,144.871888,1,Chloropidae,grass flies,127593,Diptera,Chloropidae
2475710,2015-12-13,126404,juliaschwierking,needs_id,,"Naval Station Apra, Santa Rita, GU, US",13.4350353386,144.6479166394,5,Orthoptera,"Grasshoppers, Crickets, and Katydids",47651,Orthoptera,
2476498,2015-10-19,127231,aj345,casual,"",unversity of guam,13.43203,144.799344,,Odonata,Dragonflies and Damselflies,47792,Odonata,
2476503,2015-09-28,127231,aj345,needs_id,"","ordot, Guam",13.438174,144.768669,658,Hemiptera,"True Bugs, Cicadas, Hoppers, Aphids and Allies",47744,Hemiptera,
2476508,2015-08-31,127231,aj345,needs_id,"",unversity of guam,13.430178,144.800526,129,Termitoidae,Termites,118903,Blattodea,
2476513,2015-08-24,127231,aj345,needs_id,"",unversity of guam,13.430277,144.801018,,Diptera,Flies,47822,Diptera,
2476522,2015-08-31,127231,aj345,needs_id,"",unversity of guam,13.430193,144.801018,,Lepidoptera,Butterflies and Moths,47157,Lepidoptera,
2476530,2015-10-12,127231,aj345,needs_id,"",unversity of guam,13.430986,144.800975,,Coleoptera,Beetles,47208,Coleoptera,
2476540,2015-09-14,127231,aj345,needs_id,"",unversity of guam,13.431779,144.79943,,Hemiptera,"True Bugs, Cicadas, Hoppers, Aphids and Allies",47744,Hemiptera,
2476556,2015-09-14,127231,aj345,needs_id,"",unversity of guam,13.430485,144.800245,,Orthoptera,"Grasshoppers, Crickets, and Katydids",47651,Orthoptera,
2476562,2015-12-07,127231,aj345,needs_id,"",unversity of guam,13.43011,144.801275,,Hymenoptera,"Ants, Bees, Wasps and Sawflies",47201,Hymenoptera,
2476564,2015-10-05,127231,aj345,needs_id,"",unversity of guam,13.431362,144.800589,,Hymenoptera,"Ants, Bees, Wasps and Sawflies",47201,Hymenoptera,
2476569,2015-10-26,127231,aj345,needs_id,"",unversity of guam,13.431821,144.799387,,Lepidoptera,Butterflies and Moths,47157,Lepidoptera,
2476909,2015-10-09,30769,leeroysablan,research,"Black soldier fly found on apartment wall in Mangilao, Guam. ",Mangilao Guam,13.443676,144.80765,14,Hermetia illucens,Black Soldier Fly,82177,Diptera,Stratiomyidae
2476993,2015-11-08,30769,leeroysablan,needs_id,"Potter wasp caught at apartment in Mangilao, Guam.",Mangilao Guam,13.443681,144.807651,8,Eumeninae,Potter Wasps,119344,Hymenoptera,Vespidae
2477015,2015-10-13,30769,leeroysablan,needs_id,Caught on the University of Guam campus,UOG Mangilao Guam,13.430418,144.800141,8,Sphecidae,Thread-waisted Wasps,48742,Hymenoptera,Sphecidae
2478473,2015-09-14,30769,leeroysablan,research,Lady beetles found on a tropical almond tree (Terminalia catappa).,"",13.430454,144.800401,8,Coelophora inaequalis,Variable Ladybeetle,333707,Coleoptera,Coccinellidae
2478481,2015-09-10,30769,leeroysablan,needs_id,Found on screen door of apartment,Mangilao Guam,13.443668,144.807678,8,Anomala,,92957,Coleoptera,Scarabaeidae
2478493,2015-10-12,30769,leeroysablan,needs_id,Found on flame tree mating. Species: Eocanthecona furcellata ,UOG Mangilao Guam,13.430144,144.800658,8,Pentatomidae,Stink Bugs,47742,Hemiptera,Pentatomidae
2478503,2015-10-12,30769,leeroysablan,needs_id,Small Campsomeris sp. found feeding on bidens flowers ,UOG Mangilao Guam,13.43105,144.799713,8,Campsomeris,,51961,Hymenoptera,Scoliidae
2478516,2015-10-12,30769,leeroysablan,needs_id,Large Campsomeris sp. found deeding on bidens and other daisy-like flowers,"UOG Triton Farm Yigo, Guam",13.532937,144.872214,32,Campsomeris,,51961,Hymenoptera,Scoliidae
2478522,2015-11-21,30769,leeroysablan,needs_id,Found on screen door of apartment, Mangilao Guam,13.44369,144.807696,8,Psamatodes abydata,Dot-lined Angle,228899,Lepidoptera,Geometridae
2478527,2015-11-23,30769,leeroysablan,needs_id,Credit to Chieriel Desmoto , Mangilao Guam,13.430564,144.800518,16,Cerambycidae,Longhorn Beetles,47961,Coleoptera,Cerambycidae
2478535,2015-10-12,30769,leeroysablan,needs_id,Found on citrus. Known host plant., UOG Triton Farm Yigo Guam,13.531847,144.872417,64,Agrilus,,70058,Coleoptera,Buprestidae
2478540,2015-09-07,30769,leeroysablan,needs_id,Found near standing water out by the Saipan seaport. ,"Seaport, Saipan",15.222204,145.735354,32,Ischnura aurora aurora,,202061,Odonata,Coenagrionidae
2478547,2015-09-07,30769,leeroysablan,needs_id,"Lanelator bifobiatus, found on screen door of apartment after a rainy cold night. ","Mangilao, Guam",13.443758,144.807651,8,Lanelater bifoveatus,,483891,Coleoptera,Elateridae
2478574,2015-09-10,30769,leeroysablan,needs_id,Found in grass,UOG Mangilao Guam,13.430566,144.800077,8,Popillia lewisi,,480331,Coleoptera,Scarabaeidae
2478581,2015-11-15,30769,leeroysablan,needs_id,Found on screen door of apartment ,"Mangilao, Guam",13.443743,144.807618,8,Hierodula,,328038,Mantodea,Mantidae
2478639,2015-10-23,30769,leeroysablan,needs_id,Found on wall of apartment. Common name: Guam boonie bug.,"Mangilao, Guam",13.443746,144.807661,16,Catacanthus,,179405,Hemiptera,Pentatomidae
2478829,2015-12-14,7547,aubreymoore,needs_id,ex carpet in hotel,Guam,13.444304,144.793731,29336,Cydnidae,Burrowing Bugs,57843,Hemiptera,Cydnidae
2484419,2015-12-17,126404,juliaschwierking,needs_id,,"Naval Station Apra, Santa Rita, GU, US",13.4350579279,144.6479006299,5,Reduviidae,Assassin Bugs,48959,Hemiptera,Reduviidae
2488386,2015-12-19,126404,juliaschwierking,needs_id,,"Naval Reg Med CTR Agana Height, Hagatna, GU, US",13.4736649739,144.7408546788,5,Orthoptera,"Grasshoppers, Crickets, and Katydids",47651,Orthoptera,
2493373,2015-12-21,126404,juliaschwierking,needs_id,,"Naval Station Apra, Asan, GU, US",13.4611058235,144.7305637972,5,Hemiptera,"True Bugs, Cicadas, Hoppers, Aphids and Allies",47744,Hemiptera,
2495543,2015-12-22,7547,aubreymoore,needs_id,brought in by pco,Guam,13.444304,144.793731,29336,Chloropidae,grass flies,127593,Diptera,Chloropidae
2516176,2015-12-30,7547,aubreymoore,needs_id,"","Yigo, Guam",13.532259,144.87161,1,Psilogramma menephron,Privet Hawk Moth,121854,Lepidoptera,Sphingidae
